mcmc step, learning time
0,1.53
1,2.78
2,4.02
3,5.26
4,6.52
5,7.72
6,8.93
7,10.08
8,11.31
9,12.49
10,13.67
11,14.85
12,16.01
13,17.21
14,18.38
15,19.55
16,20.7
17,21.85
18,23.06
19,24.24
20,25.4
21,26.56
22,27.73
23,28.93
24,30.08
25,31.22
26,32.38
27,33.53
28,34.7
29,35.93
30,37.16
31,38.36
32,39.54
33,40.78
34,42.03
35,43.25
36,44.41
37,45.63
38,46.82
39,47.99
40,49.15
41,50.33
42,51.51
43,52.69
44,53.87
45,55.12
46,56.27
47,57.42
48,58.57
49,59.79
50,60.96
51,62.14
52,63.3
53,64.47
54,65.63
55,66.83
56,68.03
57,69.2
58,70.39
59,71.59
60,72.8
61,73.98
62,75.2
63,76.42
64,77.61
65,78.82
66,80.03
67,81.2
68,82.37
69,83.55
70,84.72
71,85.89
72,87.05
73,88.24
74,89.43
75,90.67
76,91.9
77,93.41
78,94.7
79,95.94
80,97.2
81,98.45
82,99.66
83,100.94
84,102.2
85,103.4
86,104.6
87,105.79
88,107.01
89,108.2
90,109.45
91,110.69
92,111.94
93,113.13
94,114.34
95,115.5
96,116.7
97,117.89
98,119.09
99,120.29
100,121.54
101,122.73
102,123.93
103,125.13
104,126.3
105,127.53
106,128.73
107,129.98
108,131.23
109,132.51
110,133.72
111,134.96
112,136.22
113,137.46
114,138.67
115,139.85
116,141.03
117,142.22
118,143.39
119,144.55
120,145.71
121,146.84
122,148.05
123,149.26
124,150.48
125,151.67
126,152.85
127,154.07
128,155.23
129,156.46
130,157.63
131,158.79
132,159.97
133,161.18
134,162.38
135,163.58
136,164.87
137,166.1
138,167.31
139,168.55
140,169.76
141,171
142,172.23
143,173.46
144,174.69
145,175.98
146,177.19
147,178.41
148,179.63
149,180.83
150,182.08
151,183.3
152,184.52
153,185.72
154,186.92
155,188.15
156,189.4
157,190.61
158,191.84
159,193.03
160,194.23
161,195.45
162,196.64
163,197.85
164,199.06
165,200.29
166,201.55
167,202.74
168,203.94
169,205.2
170,206.49
171,207.64
172,208.83
173,210
174,211.17
175,212.45
176,213.67
177,214.96
178,216.13
179,217.32
180,218.48
181,219.69
182,220.88
183,222.05
184,223.23
185,224.38
186,225.58
187,226.75
188,227.89
189,229.07
190,230.26
191,231.43
192,232.59
193,233.77
194,234.93
195,236.09
196,237.29
197,238.47
198,239.68
199,240.85
200,242.02
201,243.19
202,244.34
203,245.58
204,246.73
205,247.92
206,249.06
207,250.26
208,251.42
209,252.63
210,253.79
211,254.98
212,256.17
213,257.38
214,258.63
215,259.8
216,261.01
217,262.18
218,263.39
219,264.59
220,265.79
221,266.99
222,268.18
223,269.4
224,270.67
225,271.86
226,273.07
227,274.26
228,275.44
229,276.7
230,277.94
231,279.17
232,280.52
233,281.78
234,283
235,284.21
236,285.46
237,286.75
238,288.22
239,289.58
240,290.96
241,292.27
242,293.5
243,294.74
244,296
245,297.31
246,298.62
247,299.94
248,301.25
249,302.48
250,303.73
251,304.96
252,306.22
253,307.57
254,308.82
255,310.07
256,311.37
257,312.62
258,313.83
259,315.05
260,316.29
261,317.49
262,318.75
263,319.96
264,321.15
265,322.43
266,323.75
267,325.04
268,326.29
269,327.47
270,328.72
271,329.9
272,331.11
273,332.32
274,333.52
275,334.71
276,335.89
277,337.09
278,338.28
279,339.5
280,340.7
281,341.9
282,343.05
283,344.29
284,345.46
285,346.66
286,347.87
287,349.04
288,350.2
289,351.38
290,352.54
291,353.71
292,354.96
293,356.17
294,357.41
295,358.63
296,359.79
297,360.98
298,362.16
299,363.37
300,364.56
301,365.73
302,366.93
303,368.13
304,369.3
305,370.5
306,371.67
307,372.83
308,373.98
309,375.17
310,376.34
311,377.53
312,378.7
313,379.91
314,381.03
315,382.26
316,383.42
317,384.62
318,385.79
319,386.95
320,388.1
321,389.25
322,390.41
323,391.62
324,392.77
325,393.94
326,395.12
327,396.32
328,397.49
329,398.64
330,399.82
331,401.02
332,402.2
333,403.38
334,404.57
335,405.73
336,406.9
337,408.07
338,409.21
339,410.39
340,411.54
341,412.72
342,413.93
343,415.14
344,416.33
345,417.5
346,418.68
347,419.89
348,421.11
349,422.27
350,423.52
351,424.77
352,425.99
353,427.19
354,428.37
355,429.53
356,430.72
357,431.93
358,433.1
359,434.35
360,435.55
361,436.81
362,438.01
363,439.21
364,440.48
365,441.73
366,442.96
367,444.2
368,445.45
369,446.72
370,447.96
371,449.19
372,450.39
373,451.63
374,452.81
375,454.08
376,455.27
377,456.55
378,457.79
379,459.04
380,460.26
381,461.51
382,462.76
383,463.99
384,465.19
385,466.39
386,467.62
387,468.85
388,470.1
389,471.35
390,472.62
391,473.81
392,475.04
393,476.23
394,477.47
395,478.7
396,479.95
397,481.18
398,482.41
399,483.62
400,484.83
401,486.1
402,487.32
403,488.53
404,489.72
405,491.03
406,492.27
407,493.59
408,494.84
409,496.15
410,497.4
411,498.64
412,499.8
413,501
414,502.24
415,503.42
416,504.64
417,505.82
418,507.05
419,508.26
420,509.44
421,510.65
422,511.87
423,513.05
424,514.26
425,515.46
426,516.6
427,517.87
428,519.03
429,520.2
430,521.41
431,522.64
432,523.9
433,525.18
434,526.44
435,527.68
436,528.9
437,530.14
438,531.39
439,532.62
440,533.92
441,535.19
442,536.45
443,537.77
444,539.03
445,540.28
446,541.51
447,542.73
448,543.97
449,545.18
450,546.4
451,547.69
452,548.95
453,550.15
454,551.39
455,552.6
456,553.83
457,555.02
458,556.2
459,557.39
460,558.61
461,559.81
462,561.01
463,562.18
464,563.36
465,564.61
466,565.8
467,567.03
468,568.27
469,569.59
470,570.77
471,572
472,573.21
473,574.44
474,575.65
475,576.84
476,578.06
477,579.31
478,580.56
479,581.81
480,583.04
481,584.3
482,585.46
483,586.68
484,587.92
485,589.15
486,590.35
487,591.58
488,592.85
489,594.07
490,595.28
491,596.52
492,597.75
493,599.01
494,600.26
495,601.49
496,602.72
497,603.99
498,605.21
499,606.45
500,607.68
501,608.97
502,610.21
503,611.44
504,612.66
505,613.88
506,615.14
507,616.41
508,617.67
509,618.91
510,620.16
511,621.41
512,622.62
513,623.8
514,625.03
515,626.28
516,627.57
517,628.82
518,630.09
519,631.36
520,632.6
521,633.83
522,635.06
523,636.33
524,637.53
525,638.77
526,639.96
527,641.16
528,642.48
529,643.73
530,645.02
531,646.25
532,647.54
533,648.76
534,650.01
535,651.27
536,652.5
537,653.79
538,654.98
539,656.24
540,657.51
541,658.74
542,659.98
543,661.21
544,662.45
545,663.69
546,664.87
547,666.08
548,667.28
549,668.47
550,669.72
551,670.93
552,672.13
553,673.35
554,674.55
555,675.75
556,676.99
557,678.18
558,679.43
559,680.62
560,681.79
561,682.99
562,684.24
563,685.44
564,686.66
565,687.89
566,689.08
567,690.28
568,691.52
569,692.79
570,694.03
571,695.23
572,696.48
573,697.7
574,698.94
575,700.16
576,701.39
577,702.61
578,703.82
579,705.01
580,706.21
581,707.43
582,708.62
583,709.86
584,711.07
585,712.28
586,713.51
587,714.82
588,716.04
589,717.23
590,718.4
591,719.62
592,720.83
593,722.09
594,723.34
595,724.56
596,725.74
597,726.94
598,728.11
599,729.27
600,730.46
601,731.63
602,732.84
603,734.03
604,735.23
605,736.41
606,737.59
607,738.8
608,739.97
609,741.19
610,742.41
611,743.57
612,744.73
613,745.94
614,747.15
615,748.33
616,749.51
617,750.7
618,751.89
619,753.11
620,754.3
621,755.5
622,756.68
623,757.84
624,759
625,760.18
626,761.37
627,762.58
628,763.84
629,765.08
630,766.3
631,767.55
632,768.82
633,770.02
634,771.23
635,772.45
636,773.66
637,774.95
638,776.2
639,777.51
640,778.72
641,779.96
642,781.21
643,782.44
644,783.63
645,784.84
646,786.05
647,787.27
648,788.48
649,789.71
650,790.91
651,792.11
652,793.29
653,794.46
654,795.72
655,796.94
656,798.2
657,799.44
658,800.73
659,801.93
660,803.13
661,804.33
662,805.52
663,806.72
664,807.92
665,809.22
666,810.5
667,811.73
668,812.94
669,814.16
670,815.36
671,816.59
672,817.8
673,819.04
674,820.25
675,821.45
676,822.64
677,823.87
678,825.05
679,826.23
680,827.42
681,828.65
682,829.86
683,831.08
684,832.3
685,833.51
686,834.72
687,835.91
688,837.1
689,838.33
690,839.52
691,840.76
692,842
693,843.24
694,844.42
695,845.63
696,846.83
697,848.08
698,849.27
699,850.46
700,851.69
701,852.9
702,854.11
703,855.28
704,856.49
705,857.71
706,858.93
707,860.17
708,861.39
709,862.62
710,863.82
711,865
712,866.21
713,867.45
714,868.65
715,869.89
716,871.11
717,872.38
718,873.62
719,874.88
720,876.12
721,877.39
722,878.63
723,879.84
724,881.07
725,882.29
726,883.5
727,884.71
728,885.9
729,887.11
730,888.31
731,889.49
732,890.7
733,891.87
734,893.07
735,894.29
736,895.49
737,896.71
738,897.94
739,899.11
740,900.28
741,901.52
742,902.72
743,903.95
744,905.19
745,906.41
746,907.6
747,908.78
748,910
749,911.24
750,912.45
751,913.7
752,914.9
753,916.1
754,917.34
755,918.58
756,919.84
757,921.03
758,922.23
759,923.43
760,924.62
761,925.84
762,927.05
763,928.29
764,929.52
765,930.68
766,931.93
767,933.15
768,934.38
769,935.61
770,936.85
771,938.12
772,939.38
773,940.61
774,941.88
775,943.12
776,944.35
777,945.61
778,946.84
779,948.05
780,949.24
781,950.43
782,951.61
783,952.81
784,953.98
785,955.14
786,956.3
787,957.46
788,958.68
789,959.83
790,961.02
791,962.24
792,963.41
793,964.58
794,965.76
795,966.92
796,968.12
797,969.29
798,970.45
799,971.65
800,972.82
801,974.02
802,975.19
803,976.36
804,977.52
805,978.7
806,979.9
807,981.08
808,982.24
809,983.43
810,984.63
811,985.83
812,987.09
813,988.31
814,989.52
815,990.75
816,991.98
817,993.23
818,994.41
819,995.63
820,996.87
821,998.11
822,999.35
823,1000.59
824,1001.82
825,1003.05
826,1004.25
827,1005.42
828,1006.6
829,1007.77
830,1008.96
831,1010.19
832,1011.39
833,1012.62
834,1013.88
835,1015.11
836,1016.36
837,1017.56
838,1018.76
839,1019.99
840,1021.23
841,1022.44
842,1023.72
843,1024.99
844,1026.24
845,1027.48
846,1028.68
847,1029.88
848,1031.12
849,1032.33
850,1033.53
851,1034.76
852,1036
853,1037.2
854,1038.39
855,1039.65
856,1040.82
857,1042.03
858,1043.23
859,1044.46
860,1045.69
861,1046.98
862,1048.18
863,1049.34
864,1050.64
865,1051.82
866,1053.06
867,1054.25
868,1055.42
869,1056.59
870,1057.77
871,1059.05
872,1060.24
873,1061.45
874,1062.65
875,1063.83
876,1065.05
877,1066.22
878,1067.44
879,1068.66
880,1069.92
881,1071.13
882,1072.33
883,1073.54
884,1074.79
885,1076.03
886,1077.26
887,1078.46
888,1079.64
889,1080.86
890,1082.09
891,1083.29
892,1084.49
893,1085.68
894,1086.89
895,1088.09
896,1089.24
897,1090.45
898,1091.61
899,1092.8
900,1094
901,1095.18
902,1096.34
903,1097.55
904,1098.73
905,1099.96
906,1101.16
907,1102.35
908,1103.54
909,1104.73
910,1105.91
911,1107.13
912,1108.32
913,1109.55
914,1110.77
915,1111.93
916,1113.15
917,1114.34
918,1115.53
919,1116.73
920,1117.93
921,1119.1
922,1120.31
923,1121.48
924,1122.65
925,1123.83
926,1124.98
927,1126.17
928,1127.37
929,1128.59
930,1129.77
931,1130.98
932,1132.18
933,1133.37
934,1134.53
935,1135.79
936,1136.96
937,1138.15
938,1139.38
939,1140.59
940,1141.79
941,1143.02
942,1144.21
943,1145.39
944,1146.59
945,1147.8
946,1149
947,1150.2
948,1151.45
949,1152.66
950,1153.87
951,1155.09
952,1156.32
953,1157.53
954,1158.75
955,1160
956,1161.19
957,1162.41
958,1163.65
959,1164.9
960,1166.14
961,1167.35
962,1168.56
963,1169.75
964,1170.94
965,1172.12
966,1173.36
967,1174.54
968,1175.75
969,1176.95
970,1178.13
971,1179.34
972,1180.56
973,1181.74
974,1182.94
975,1184.14
976,1185.37
977,1186.63
978,1187.81
979,1188.99
980,1190.17
981,1191.42
982,1192.62
983,1193.82
984,1194.99
985,1196.19
986,1197.41
987,1198.61
988,1199.81
989,1201.01
990,1202.2
991,1203.36
992,1204.56
993,1205.73
994,1206.96
995,1208.19
996,1209.42
997,1210.63
998,1211.8
999,1213.08
1000,1214.33
1001,1215.56
1002,1216.85
1003,1218.12
1004,1219.37
1005,1220.61
1006,1221.91
1007,1223.16
1008,1224.38
1009,1225.61
1010,1226.93
1011,1228.14
1012,1229.34
1013,1230.56
1014,1231.77
1015,1232.93
1016,1234.14
1017,1235.36
1018,1236.55
1019,1237.76
1020,1238.95
1021,1240.2
1022,1241.4
1023,1242.58
1024,1243.76
1025,1244.94
1026,1246.11
1027,1247.31
1028,1248.49
1029,1249.69
1030,1250.89
1031,1252.07
1032,1253.33
1033,1254.51
1034,1255.71
1035,1256.93
1036,1258.14
1037,1259.33
1038,1260.54
1039,1261.78
1040,1262.99
1041,1264.21
1042,1265.43
1043,1266.65
1044,1267.87
1045,1269.07
1046,1270.27
1047,1271.49
1048,1272.73
1049,1273.93
1050,1275.14
1051,1276.35
1052,1277.57
1053,1278.77
1054,1279.98
1055,1281.18
1056,1282.39
1057,1283.58
1058,1284.78
1059,1285.98
1060,1287.21
1061,1288.5
1062,1289.75
1063,1290.98
1064,1292.22
1065,1293.45
1066,1294.75
1067,1296
1068,1297.27
1069,1298.51
1070,1299.75
1071,1301.01
1072,1302.25
1073,1303.49
1074,1304.71
1075,1305.95
1076,1307.21
1077,1308.45
1078,1309.62
1079,1310.81
1080,1312
1081,1313.16
1082,1314.38
1083,1315.64
1084,1316.87
1085,1318.05
1086,1319.26
1087,1320.44
1088,1321.65
1089,1322.87
1090,1324.09
1091,1325.3
1092,1326.53
1093,1327.76
1094,1328.98
1095,1330.22
1096,1331.49
1097,1332.71
1098,1333.93
1099,1335.17
1100,1336.36
1101,1337.58
1102,1338.81
1103,1340.03
1104,1341.22
1105,1342.42
1106,1343.67
1107,1344.89
1108,1346.12
1109,1347.28
1110,1348.43
1111,1349.59
1112,1350.77
1113,1351.92
1114,1353.15
1115,1354.35
1116,1355.52
1117,1356.68
1118,1357.84
1119,1359.02
1120,1360.21
1121,1361.4
1122,1362.55
1123,1363.78
1124,1364.95
1125,1366.21
1126,1367.45
1127,1368.7
1128,1369.89
1129,1371.12
1130,1372.29
1131,1373.5
1132,1374.66
1133,1375.83
1134,1377.05
1135,1378.25
1136,1379.44
1137,1380.63
1138,1381.77
1139,1382.92
1140,1384.07
1141,1385.24
1142,1386.43
1143,1387.62
1144,1388.83
1145,1390.03
1146,1391.25
1147,1392.42
1148,1393.66
1149,1394.83
1150,1396.02
1151,1397.24
1152,1398.47
1153,1399.67
1154,1400.9
1155,1402.14
1156,1403.34
1157,1404.56
1158,1405.75
1159,1406.96
1160,1408.18
1161,1409.38
1162,1410.59
1163,1411.76
1164,1412.98
1165,1414.11
1166,1415.33
1167,1416.57
1168,1417.75
1169,1418.94
1170,1420.13
1171,1421.3
1172,1422.5
1173,1423.66
1174,1424.83
1175,1425.98
1176,1427.12
1177,1428.34
1178,1429.52
1179,1430.7
1180,1431.88
1181,1433.08
1182,1434.34
1183,1435.56
1184,1436.78
1185,1437.99
1186,1439.21
1187,1440.41
1188,1441.57
1189,1442.79
1190,1443.97
1191,1445.13
1192,1446.3
1193,1447.53
1194,1448.72
1195,1449.9
1196,1451.13
1197,1452.38
1198,1453.63
1199,1454.87
1200,1456.11
1201,1457.37
1202,1458.53
1203,1459.68
1204,1460.91
1205,1462.13
1206,1463.37
1207,1464.59
1208,1465.82
1209,1467.05
1210,1468.37
1211,1469.6
1212,1470.81
1213,1472.08
1214,1473.3
1215,1474.57
1216,1475.78
1217,1477.1
1218,1478.33
1219,1479.57
1220,1480.79
1221,1482.06
1222,1483.25
1223,1484.44
1224,1485.71
1225,1486.96
1226,1488.17
1227,1489.38
1228,1490.62
1229,1491.85
1230,1493.06
1231,1494.28
1232,1495.5
1233,1496.76
1234,1498
1235,1499.29
1236,1500.53
1237,1501.8
1238,1503.03
1239,1504.29
1240,1505.53
1241,1506.72
1242,1507.92
1243,1509.08
1244,1510.26
1245,1511.44
1246,1512.66
1247,1513.82
1248,1515.04
1249,1516.23
1250,1517.48
1251,1518.71
1252,1519.92
1253,1521.18
1254,1522.38
1255,1523.63
1256,1524.9
1257,1526.12
1258,1527.38
1259,1528.61
1260,1529.88
1261,1531.05
1262,1532.25
1263,1533.49
1264,1534.71
1265,1535.99
1266,1537.2
1267,1538.41
1268,1539.59
1269,1540.78
1270,1541.97
1271,1543.15
1272,1544.37
1273,1545.6
1274,1546.84
1275,1548.07
1276,1549.25
1277,1550.43
1278,1551.6
1279,1552.77
1280,1553.96
1281,1555.14
1282,1556.31
1283,1557.51
1284,1558.71
1285,1559.9
1286,1561.07
1287,1562.25
1288,1563.45
1289,1564.61
1290,1565.83
1291,1567.02
1292,1568.2
1293,1569.38
1294,1570.58
1295,1571.79
1296,1573
1297,1574.23
1298,1575.39
1299,1576.55
1300,1577.72
1301,1578.91
1302,1580.07
1303,1581.23
1304,1582.46
1305,1583.68
1306,1584.9
1307,1586.13
1308,1587.36
1309,1588.56
1310,1589.79
1311,1591
1312,1592.17
1313,1593.37
1314,1594.63
1315,1595.83
1316,1597.01
1317,1598.21
1318,1599.39
1319,1600.58
1320,1601.77
1321,1602.97
1322,1604.14
1323,1605.35
1324,1606.55
1325,1607.76
1326,1608.94
1327,1610.11
1328,1611.3
1329,1612.46
1330,1613.64
1331,1614.83
1332,1616.03
1333,1617.25
1334,1618.45
1335,1619.67
1336,1620.82
1337,1622.01
1338,1623.19
1339,1624.37
1340,1625.56
1341,1626.76
1342,1627.95
1343,1629.16
1344,1630.32
1345,1631.48
1346,1632.64
1347,1633.86
1348,1635.05
1349,1636.27
1350,1637.48
1351,1638.74
1352,1639.97
1353,1641.22
1354,1642.43
1355,1643.66
1356,1644.91
1357,1646.09
1358,1647.27
1359,1648.5
1360,1649.72
1361,1650.93
1362,1652.18
1363,1653.44
1364,1654.66
1365,1655.89
1366,1657.16
1367,1658.4
1368,1659.62
1369,1660.83
1370,1662.11
1371,1663.35
1372,1664.59
1373,1665.79
1374,1667.01
1375,1668.23
1376,1669.44
1377,1670.67
1378,1671.9
1379,1673.12
1380,1674.34
1381,1675.57
1382,1676.78
1383,1677.98
1384,1679.15
1385,1680.33
1386,1681.53
1387,1682.74
1388,1684
1389,1685.26
1390,1686.47
1391,1687.71
1392,1688.92
1393,1690.1
1394,1691.28
1395,1692.56
1396,1693.73
1397,1694.9
1398,1696.07
1399,1697.24
1400,1698.5
1401,1699.8
1402,1700.95
1403,1702.2
1404,1703.39
1405,1704.57
1406,1705.8
1407,1706.99
1408,1708.17
1409,1709.34
1410,1710.5
1411,1711.67
1412,1712.85
1413,1714.03
1414,1715.19
1415,1716.35
1416,1717.5
1417,1718.63
1418,1719.78
1419,1720.94
1420,1722.14
1421,1723.35
1422,1724.53
1423,1725.71
1424,1726.91
1425,1728.1
1426,1729.31
1427,1730.49
1428,1731.7
1429,1732.94
1430,1734.22
1431,1735.43
1432,1736.64
1433,1737.84
1434,1739.02
1435,1740.21
1436,1741.4
1437,1742.58
1438,1743.73
1439,1744.88
1440,1746.05
1441,1747.2
1442,1748.37
1443,1749.55
1444,1750.72
1445,1751.88
1446,1753.07
1447,1754.24
1448,1755.41
1449,1756.54
1450,1757.74
1451,1758.89
1452,1760.06
1453,1761.22
1454,1762.39
1455,1763.56
1456,1764.74
1457,1765.92
1458,1767.13
1459,1768.42
1460,1769.63
1461,1770.81
1462,1771.96
1463,1773.12
1464,1774.33
1465,1775.52
1466,1776.72
1467,1777.94
1468,1779.12
1469,1780.27
1470,1781.48
1471,1782.66
1472,1783.82
1473,1785.01
1474,1786.17
1475,1787.38
1476,1788.54
1477,1789.7
1478,1790.83
1479,1791.96
1480,1793.17
1481,1794.35
1482,1795.55
1483,1796.76
1484,1797.94
1485,1799.11
1486,1800.24
1487,1801.44
1488,1802.63
1489,1803.85
1490,1805.04
1491,1806.25
1492,1807.43
1493,1808.66
1494,1809.83
1495,1811.01
1496,1812.21
1497,1813.39
1498,1814.6
1499,1815.76
1500,1816.96
1501,1818.13
1502,1819.3
1503,1820.46
1504,1821.68
1505,1822.86
1506,1824.02
1507,1825.18
1508,1826.34
1509,1827.48
1510,1828.68
1511,1829.9
1512,1831.11
1513,1832.3
1514,1833.48
1515,1834.64
1516,1835.79
1517,1836.94
1518,1838.12
1519,1839.3
1520,1840.46
1521,1841.68
1522,1842.82
1523,1844.01
1524,1845.22
1525,1846.4
1526,1847.63
1527,1848.81
1528,1849.99
1529,1851.22
1530,1852.43
1531,1853.7
1532,1854.91
1533,1856.11
1534,1857.31
1535,1858.55
1536,1859.75
1537,1860.93
1538,1862.15
1539,1863.34
1540,1864.6
1541,1865.89
1542,1867.17
1543,1868.49
1544,1869.72
1545,1870.95
1546,1872.23
1547,1873.45
1548,1874.7
1549,1875.93
1550,1877.16
1551,1878.44
1552,1879.67
1553,1880.86
1554,1882.05
1555,1883.26
1556,1884.48
1557,1885.67
1558,1886.89
1559,1888.1
1560,1889.32
1561,1890.54
1562,1891.71
1563,1892.94
1564,1894.17
1565,1895.36
1566,1896.57
1567,1897.81
1568,1899.02
1569,1900.22
1570,1901.42
1571,1902.68
1572,1903.88
1573,1905.15
1574,1906.36
1575,1907.59
1576,1908.85
1577,1910.08
1578,1911.32
1579,1912.55
1580,1913.77
1581,1915
1582,1916.25
1583,1917.45
1584,1918.65
1585,1919.92
1586,1921.13
1587,1922.36
1588,1923.59
1589,1924.82
1590,1926.04
1591,1927.27
1592,1928.51
1593,1929.73
1594,1930.95
1595,1932.18
1596,1933.41
1597,1934.63
1598,1935.8
1599,1937
1600,1938.16
1601,1939.35
1602,1940.54
1603,1941.69
1604,1942.91
1605,1944.09
1606,1945.25
1607,1946.47
1608,1947.65
1609,1948.85
1610,1950.04
1611,1951.23
1612,1952.41
1613,1953.63
1614,1954.81
1615,1955.99
1616,1957.15
1617,1958.32
1618,1959.52
1619,1960.7
1620,1961.9
1621,1963.11
1622,1964.3
1623,1965.54
1624,1966.72
1625,1967.89
1626,1969.13
1627,1970.28
1628,1971.49
1629,1972.67
1630,1973.87
1631,1975.04
1632,1976.29
1633,1977.49
1634,1978.67
1635,1979.89
1636,1981.07
1637,1982.27
1638,1983.48
1639,1984.67
1640,1985.86
1641,1987.15
1642,1988.38
1643,1989.59
1644,1990.77
1645,1991.9
1646,1993.04
1647,1994.2
1648,1995.34
1649,1996.49
1650,1997.63
1651,1998.84
1652,2000.02
1653,2001.22
1654,2002.41
1655,2003.58
1656,2004.74
1657,2005.92
1658,2007.08
1659,2008.28
1660,2009.44
1661,2010.63
1662,2011.84
1663,2013.01
1664,2014.23
1665,2015.42
1666,2016.61
1667,2017.79
1668,2018.98
1669,2020.18
1670,2021.38
1671,2022.57
1672,2023.76
1673,2024.95
1674,2026.15
1675,2027.36
1676,2028.53
1677,2029.7
1678,2030.88
1679,2032.06
1680,2033.26
1681,2034.42
1682,2035.6
1683,2036.81
1684,2038
1685,2039.17
1686,2040.38
1687,2041.59
1688,2042.82
1689,2044.01
1690,2045.17
1691,2046.32
1692,2047.48
1693,2048.68
1694,2049.85
1695,2051
1696,2052.17
1697,2053.4
1698,2054.59
1699,2055.79
1700,2056.97
1701,2058.18
1702,2059.36
1703,2060.57
1704,2061.78
1705,2062.98
1706,2064.17
1707,2065.39
1708,2066.55
1709,2067.69
1710,2068.92
1711,2070.12
1712,2071.33
1713,2072.57
1714,2073.8
1715,2075.05
1716,2076.34
1717,2077.58
1718,2078.86
1719,2080.12
1720,2081.35
1721,2082.6
1722,2083.87
1723,2085.11
1724,2086.4
1725,2087.62
1726,2088.91
1727,2090.17
1728,2091.46
1729,2092.68
1730,2093.96
1731,2095.22
1732,2096.45
1733,2097.64
1734,2098.91
1735,2100.13
1736,2101.33
1737,2102.56
1738,2103.79
1739,2104.95
1740,2106.17
1741,2107.36
1742,2108.63
1743,2109.83
1744,2111
1745,2112.18
1746,2113.37
1747,2114.58
1748,2115.81
1749,2117.03
1750,2118.2
1751,2119.37
1752,2120.56
1753,2121.7
1754,2122.88
1755,2124.09
1756,2125.29
1757,2126.53
1758,2127.71
1759,2128.93
1760,2130.11
1761,2131.26
1762,2132.41
1763,2133.57
1764,2134.72
1765,2135.85
1766,2137.01
1767,2138.13
1768,2139.34
1769,2140.48
1770,2141.63
1771,2142.81
1772,2143.97
1773,2145.15
1774,2146.32
1775,2147.46
1776,2148.62
1777,2149.79
1778,2150.95
1779,2152.11
1780,2153.3
1781,2154.48
1782,2155.67
1783,2156.83
1784,2158.03
1785,2159.17
1786,2160.38
1787,2161.56
1788,2162.73
1789,2163.88
1790,2165.08
1791,2166.27
1792,2167.45
1793,2168.63
1794,2169.78
1795,2170.98
1796,2172.21
1797,2173.39
1798,2174.56
1799,2175.74
1800,2176.88
1801,2178.06
1802,2179.28
1803,2180.51
1804,2181.71
1805,2182.92
1806,2184.13
1807,2185.3
1808,2186.5
1809,2187.64
1810,2188.81
1811,2189.96
1812,2191.16
1813,2192.36
1814,2193.55
1815,2194.73
1816,2195.91
1817,2197.17
1818,2198.35
1819,2199.57
1820,2200.77
1821,2202
1822,2203.18
1823,2204.38
1824,2205.6
1825,2206.93
1826,2208.12
1827,2209.29
1828,2210.57
1829,2211.8
1830,2212.98
1831,2214.19
1832,2215.38
1833,2216.53
1834,2217.72
1835,2218.89
1836,2220.08
1837,2221.22
1838,2222.37
1839,2223.53
1840,2224.72
1841,2225.91
1842,2227.14
1843,2228.31
1844,2229.51
1845,2230.68
1846,2231.87
1847,2233.06
1848,2234.25
1849,2235.45
1850,2236.64
1851,2237.85
1852,2239.02
1853,2240.21
1854,2241.39
1855,2242.57
1856,2243.77
1857,2244.95
1858,2246.14
1859,2247.34
1860,2248.51
1861,2249.72
1862,2250.96
1863,2252.21
1864,2253.45
1865,2254.7
1866,2255.92
1867,2257.15
1868,2258.34
1869,2259.54
1870,2260.73
1871,2261.91
1872,2263.08
1873,2264.27
1874,2265.48
1875,2266.64
1876,2267.85
1877,2269.09
1878,2270.28
1879,2271.43
1880,2272.59
1881,2273.76
1882,2274.94
1883,2276.16
1884,2277.36
1885,2278.56
1886,2279.78
1887,2280.99
1888,2282.23
1889,2283.44
1890,2284.65
1891,2285.85
1892,2287.08
1893,2288.33
1894,2289.55
1895,2290.72
1896,2291.93
1897,2293.14
1898,2294.33
1899,2295.52
1900,2296.71
1901,2297.92
1902,2299.1
1903,2300.3
1904,2301.48
1905,2302.66
1906,2303.87
1907,2305.05
1908,2306.24
1909,2307.42
1910,2308.59
1911,2309.77
1912,2310.96
1913,2312.21
1914,2313.44
1915,2314.64
1916,2315.82
1917,2317.04
1918,2318.23
1919,2319.48
1920,2320.67
1921,2321.87
1922,2323.07
1923,2324.29
1924,2325.49
1925,2326.73
1926,2327.93
1927,2329.14
1928,2330.32
1929,2331.5
1930,2332.73
1931,2333.96
1932,2335.16
1933,2336.35
1934,2337.59
1935,2338.78
1936,2339.98
1937,2341.18
1938,2342.38
1939,2343.61
1940,2344.81
1941,2346.01
1942,2347.22
1943,2348.43
1944,2349.64
1945,2350.84
1946,2352.03
1947,2353.24
1948,2354.45
1949,2355.65
1950,2356.89
1951,2358.11
1952,2359.32
1953,2360.49
1954,2361.66
1955,2362.89
1956,2364.1
1957,2365.32
1958,2366.54
1959,2367.72
1960,2368.93
1961,2370.2
1962,2371.42
1963,2372.62
1964,2373.82
1965,2375.05
1966,2376.3
1967,2377.55
1968,2378.78
1969,2380.04
1970,2381.27
1971,2382.54
1972,2383.76
1973,2384.98
1974,2386.25
1975,2387.5
1976,2388.77
1977,2389.99
1978,2391.2
1979,2392.47
1980,2393.73
1981,2394.97
1982,2396.4
1983,2397.69
1984,2398.98
1985,2400.25
1986,2401.48
1987,2402.73
1988,2403.99
1989,2405.24
1990,2406.61
1991,2407.88
1992,2409.06
1993,2410.24
1994,2411.46
1995,2412.66
1996,2413.87
1997,2415.1
1998,2416.32
1999,2417.61
2000,2418.85
2001,2420.04
2002,2421.25
2003,2422.44
2004,2423.62
2005,2424.88
2006,2426.08
2007,2427.27
2008,2428.44
2009,2429.66
2010,2430.84
2011,2432.05
2012,2433.23
2013,2434.41
2014,2435.6
2015,2436.82
2016,2438.41
2017,2439.6
2018,2440.83
2019,2442.1
2020,2443.31
2021,2444.58
2022,2445.8
2023,2447
2024,2448.27
2025,2449.63
2026,2450.98
2027,2452.32
2028,2453.47
2029,2454.65
2030,2455.83
2031,2456.96
2032,2458.12
2033,2459.28
2034,2460.45
2035,2461.62
2036,2462.85
2037,2464.07
2038,2465.28
2039,2466.41
2040,2467.54
2041,2468.7
2042,2469.85
2043,2471.04
2044,2472.26
2045,2473.41
2046,2474.55
2047,2475.7
2048,2476.85
2049,2478.03
2050,2479.17
2051,2480.34
2052,2481.5
2053,2482.64
2054,2483.82
2055,2485
2056,2486.13
2057,2487.28
2058,2488.44
2059,2489.57
2060,2490.69
2061,2491.84
2062,2492.98
2063,2494.1
2064,2495.31
2065,2496.48
2066,2497.62
2067,2498.76
2068,2499.94
2069,2501.14
2070,2502.29
2071,2503.46
2072,2504.68
2073,2505.94
2074,2507.14
2075,2508.31
2076,2509.48
2077,2510.62
2078,2511.75
2079,2512.97
2080,2514.11
2081,2515.25
2082,2516.43
2083,2517.57
2084,2518.78
2085,2519.95
2086,2521.11
2087,2522.29
2088,2523.48
2089,2524.74
2090,2525.96
2091,2527.21
2092,2528.44
2093,2529.69
2094,2530.95
2095,2532.16
2096,2533.38
2097,2534.64
2098,2535.92
2099,2537.15
2100,2538.36
2101,2539.61
2102,2540.85
2103,2542.08
2104,2543.3
2105,2544.57
2106,2545.8
2107,2547.04
2108,2548.25
2109,2549.49
2110,2550.76
2111,2552.01
2112,2553.27
2113,2554.53
2114,2555.77
2115,2557
2116,2558.27
2117,2559.47
2118,2560.69
2119,2561.89
2120,2563.12
2121,2564.35
2122,2565.56
2123,2566.74
2124,2567.94
2125,2569.11
2126,2570.31
2127,2571.52
2128,2572.76
2129,2573.97
2130,2575.17
2131,2576.35
2132,2577.57
2133,2578.79
2134,2580.04
2135,2581.26
2136,2582.48
2137,2583.69
2138,2584.9
2139,2586.08
2140,2587.27
2141,2588.46
2142,2589.65
2143,2590.86
2144,2592.07
2145,2593.24
2146,2594.45
2147,2595.64
2148,2596.85
2149,2598.01
2150,2599.22
2151,2600.44
2152,2601.69
2153,2602.86
2154,2604.1
2155,2605.32
2156,2606.57
2157,2607.81
2158,2609.04
2159,2610.28
2160,2611.54
2161,2612.8
2162,2614.03
2163,2615.26
2164,2616.51
2165,2617.76
2166,2619
2167,2620.22
2168,2621.47
2169,2622.73
2170,2623.98
2171,2625.24
2172,2626.49
2173,2627.76
2174,2629.02
2175,2630.28
2176,2631.55
2177,2632.8
2178,2634.08
2179,2635.39
2180,2636.65
2181,2637.89
2182,2639.1
2183,2640.35
2184,2641.6
2185,2642.89
2186,2644.14
2187,2645.38
2188,2646.66
2189,2647.92
2190,2649.14
2191,2650.39
2192,2651.63
2193,2652.93
2194,2654.18
2195,2655.37
2196,2656.57
2197,2657.82
2198,2659.01
2199,2660.24
2200,2661.44
2201,2662.65
2202,2663.86
2203,2665.08
2204,2666.26
2205,2667.49
2206,2668.69
2207,2669.88
2208,2671.11
2209,2672.31
2210,2673.54
2211,2674.75
2212,2675.94
2213,2677.23
2214,2678.42
2215,2679.61
2216,2680.82
2217,2682.03
2218,2683.2
2219,2684.39
2220,2685.61
2221,2686.81
2222,2688.02
2223,2689.21
2224,2690.38
2225,2691.62
2226,2692.84
2227,2694.08
2228,2695.31
2229,2696.55
2230,2697.75
2231,2698.98
2232,2700.19
2233,2701.41
2234,2702.61
2235,2703.79
2236,2704.98
2237,2706.18
2238,2707.36
2239,2708.56
2240,2709.74
2241,2710.93
2242,2712.11
2243,2713.31
2244,2714.47
2245,2715.65
2246,2716.83
2247,2717.97
2248,2719.15
2249,2720.35
2250,2721.56
2251,2722.76
2252,2723.94
2253,2725.16
2254,2726.32
2255,2727.48
2256,2728.66
2257,2729.82
2258,2731.02
2259,2732.28
2260,2733.46
2261,2734.64
2262,2735.82
2263,2737.05
2264,2738.27
2265,2739.49
2266,2740.7
2267,2741.92
2268,2743.11
2269,2744.31
2270,2745.56
2271,2746.79
2272,2747.99
2273,2749.17
2274,2750.33
2275,2751.55
2276,2752.72
2277,2753.9
2278,2755.1
2279,2756.26
2280,2757.45
2281,2758.61
2282,2759.81
2283,2760.99
2284,2762.15
2285,2763.34
2286,2764.55
2287,2765.75
2288,2766.92
2289,2768.16
2290,2769.39
2291,2770.61
2292,2771.86
2293,2773.08
2294,2774.3
2295,2775.52
2296,2776.73
2297,2777.96
2298,2779.22
2299,2780.48
2300,2781.7
2301,2782.95
2302,2784.19
2303,2785.49
2304,2786.7
2305,2787.93
2306,2789.15
2307,2790.38
2308,2791.63
2309,2792.86
2310,2794.09
2311,2795.31
2312,2796.57
2313,2797.81
2314,2799.04
2315,2800.37
2316,2801.63
2317,2802.86
2318,2804.1
2319,2805.34
2320,2806.62
2321,2807.89
2322,2809.16
2323,2810.35
2324,2811.54
2325,2812.72
2326,2813.89
2327,2815.04
2328,2816.2
2329,2817.36
2330,2818.59
2331,2819.82
2332,2821
2333,2822.19
2334,2823.35
2335,2824.53
2336,2825.7
2337,2826.9
2338,2828.07
2339,2829.3
2340,2830.51
2341,2831.75
2342,2832.99
2343,2834.24
2344,2835.47
2345,2836.7
2346,2837.99
2347,2839.19
2348,2840.46
2349,2841.7
2350,2842.92
2351,2844.16
2352,2845.39
2353,2846.63
2354,2847.89
2355,2849.14
2356,2850.41
2357,2851.65
2358,2852.91
2359,2854.12
2360,2855.35
2361,2856.59
2362,2857.82
2363,2859.04
2364,2860.3
2365,2861.58
2366,2862.86
2367,2864.1
2368,2865.36
2369,2866.57
2370,2867.79
2371,2869.03
2372,2870.28
2373,2871.58
2374,2872.79
2375,2874.02
2376,2875.24
2377,2876.43
2378,2877.64
2379,2878.85
2380,2880.05
2381,2881.22
2382,2882.42
2383,2883.65
2384,2884.83
2385,2886.05
2386,2887.21
2387,2888.42
2388,2889.61
2389,2890.82
2390,2892.04
2391,2893.25
2392,2894.41
2393,2895.59
2394,2896.79
2395,2897.98
2396,2899.19
2397,2900.4
2398,2901.58
2399,2902.74
2400,2903.93
2401,2905.15
2402,2906.33
2403,2907.53
2404,2908.74
2405,2909.95
2406,2911.14
2407,2912.36
2408,2913.6
2409,2914.82
2410,2916
2411,2917.19
2412,2918.4
2413,2919.61
2414,2920.79
2415,2922.01
2416,2923.24
2417,2924.42
2418,2925.65
2419,2926.84
2420,2928.05
2421,2929.25
2422,2930.5
2423,2931.69
2424,2932.94
2425,2934.13
2426,2935.37
2427,2936.58
2428,2937.79
2429,2938.98
2430,2940.17
2431,2941.37
2432,2942.55
2433,2943.74
2434,2944.92
2435,2946.11
2436,2947.33
2437,2948.52
2438,2949.77
2439,2950.97
2440,2952.18
2441,2953.45
2442,2954.67
2443,2955.84
2444,2957.11
2445,2958.32
2446,2959.52
2447,2960.72
2448,2961.92
2449,2963.12
2450,2964.36
2451,2965.6
2452,2966.84
2453,2968.05
2454,2969.28
2455,2970.53
2456,2971.78
2457,2973.02
2458,2974.25
2459,2975.49
2460,2976.72
2461,2977.94
2462,2979.15
2463,2980.38
2464,2981.63
2465,2982.82
2466,2984.01
2467,2985.22
2468,2986.5
2469,2987.72
2470,2988.95
2471,2990.15
2472,2991.36
2473,2992.53
2474,2993.73
2475,2994.94
2476,2996.13
2477,2997.33
2478,2998.5
2479,2999.7
2480,3000.88
2481,3002.18
2482,3003.42
2483,3004.65
2484,3005.91
2485,3007.18
2486,3008.38
2487,3009.65
2488,3010.9
2489,3012.17
2490,3013.42
2491,3014.68
2492,3015.92
2493,3017.17
2494,3018.41
2495,3019.63
2496,3020.85
2497,3022.07
2498,3023.32
2499,3024.58
2500,3025.81
2501,3027.04
2502,3028.25
2503,3029.44
2504,3030.69
2505,3031.86
2506,3033.05
2507,3034.23
2508,3035.43
2509,3036.61
2510,3037.83
2511,3039.06
2512,3040.31
2513,3041.54
2514,3042.77
2515,3044.11
2516,3045.47
2517,3046.69
2518,3047.97
2519,3049.17
2520,3050.31
2521,3051.45
2522,3052.6
2523,3053.75
2524,3054.89
2525,3056.08
2526,3057.32
2527,3058.5
2528,3059.66
2529,3060.8
2530,3061.93
2531,3063.1
2532,3064.31
2533,3065.48
2534,3066.61
2535,3067.76
2536,3068.9
2537,3070.03
2538,3071.17
2539,3072.32
2540,3073.49
2541,3074.66
2542,3075.83
2543,3077.08
2544,3078.28
2545,3079.47
2546,3080.71
2547,3081.96
2548,3083.17
2549,3084.35
2550,3085.54
2551,3086.77
2552,3087.96
2553,3089.15
2554,3090.38
2555,3091.56
2556,3092.77
2557,3093.99
2558,3095.2
2559,3096.41
2560,3097.61
2561,3098.8
2562,3100
2563,3101.2
2564,3102.38
2565,3103.57
2566,3104.82
2567,3106
2568,3107.2
2569,3108.41
2570,3109.6
2571,3110.81
2572,3112.01
2573,3113.18
2574,3114.38
2575,3115.59
2576,3116.85
2577,3118.13
2578,3119.35
2579,3120.61
2580,3121.87
2581,3123.11
2582,3124.36
2583,3125.6
2584,3126.83
2585,3128.01
2586,3129.18
2587,3130.37
2588,3131.55
2589,3132.73
2590,3133.9
2591,3135.12
2592,3136.3
2593,3137.46
2594,3138.63
2595,3139.82
2596,3141.02
2597,3142.2
2598,3143.38
2599,3144.57
2600,3145.82
2601,3147.07
2602,3148.32
2603,3149.55
2604,3150.84
2605,3152.07
2606,3153.28
2607,3154.5
2608,3155.73
2609,3156.96
2610,3158.21
2611,3159.47
2612,3160.72
2613,3161.92
2614,3163.08
2615,3164.24
2616,3165.42
2617,3166.59
2618,3167.76
2619,3168.98
2620,3170.18
2621,3171.33
2622,3172.53
2623,3173.7
2624,3174.89
2625,3176.05
2626,3177.23
2627,3178.39
2628,3179.56
2629,3180.7
2630,3181.91
2631,3183.07
2632,3184.23
2633,3185.37
2634,3186.54
2635,3187.69
2636,3188.9
2637,3190.1
2638,3191.27
2639,3192.43
2640,3193.6
2641,3194.8
2642,3195.94
2643,3197.15
2644,3198.36
2645,3199.57
2646,3200.79
2647,3202
2648,3203.22
2649,3204.42
2650,3205.64
2651,3206.84
2652,3208.04
2653,3209.26
2654,3210.45
2655,3211.65
2656,3212.89
2657,3214.1
2658,3215.32
2659,3216.54
2660,3217.74
2661,3219.02
2662,3220.21
2663,3221.48
2664,3222.73
2665,3223.89
2666,3225.11
2667,3226.28
2668,3227.49
2669,3228.67
2670,3229.87
2671,3231.08
2672,3232.29
2673,3233.46
2674,3234.64
2675,3235.83
2676,3237.02
2677,3238.19
2678,3239.38
2679,3240.57
2680,3241.76
2681,3242.92
2682,3244.13
2683,3245.37
2684,3246.57
2685,3247.77
2686,3248.94
2687,3250.11
2688,3251.28
2689,3252.45
2690,3253.62
2691,3254.78
2692,3255.94
2693,3257.09
2694,3258.29
2695,3259.44
2696,3260.67
2697,3261.81
2698,3262.98
2699,3264.2
2700,3265.37
2701,3266.53
2702,3267.72
2703,3268.92
2704,3270.21
2705,3271.35
2706,3272.52
2707,3273.72
2708,3274.91
2709,3276.11
2710,3277.3
2711,3278.49
2712,3279.7
2713,3280.88
2714,3282.07
2715,3283.23
2716,3284.39
2717,3285.57
2718,3286.76
2719,3287.94
2720,3289.14
2721,3290.33
2722,3291.5
2723,3292.72
2724,3293.93
2725,3295.14
2726,3296.36
2727,3297.58
2728,3298.79
2729,3299.97
2730,3301.19
2731,3302.39
2732,3303.6
2733,3304.79
2734,3305.98
2735,3307.18
2736,3308.36
2737,3309.56
2738,3310.75
2739,3311.97
2740,3313.19
2741,3314.49
2742,3315.72
2743,3316.92
2744,3318.15
2745,3319.42
2746,3320.66
2747,3321.9
2748,3323.1
2749,3324.23
2750,3325.37
2751,3326.55
2752,3327.72
2753,3328.88
2754,3330.05
2755,3331.22
2756,3332.39
2757,3333.58
2758,3334.75
2759,3335.9
2760,3337.11
2761,3338.29
2762,3339.49
2763,3340.65
2764,3341.84
2765,3343.05
2766,3344.25
2767,3345.49
2768,3346.63
2769,3347.78
2770,3348.96
2771,3350.18
2772,3351.38
2773,3352.56
2774,3353.79
2775,3355.07
2776,3356.34
2777,3357.56
2778,3358.78
2779,3360.04
2780,3361.27
2781,3362.48
2782,3363.7
2783,3364.96
2784,3366.18
2785,3367.38
2786,3368.61
2787,3369.8
2788,3371.07
2789,3372.28
2790,3373.51
2791,3374.72
2792,3375.95
2793,3377.13
2794,3378.3
2795,3379.5
2796,3380.69
2797,3381.85
2798,3383.04
2799,3384.25
2800,3385.44
2801,3386.65
2802,3387.82
2803,3389.03
2804,3390.21
2805,3391.44
2806,3392.64
2807,3393.81
2808,3394.98
2809,3396.18
2810,3397.36
2811,3398.57
2812,3399.74
2813,3400.93
2814,3402.09
2815,3403.29
2816,3404.46
2817,3405.65
2818,3406.85
2819,3408.08
2820,3409.35
2821,3410.62
2822,3411.9
2823,3413.15
2824,3414.3
2825,3415.43
2826,3416.69
2827,3417.87
2828,3419.04
2829,3420.31
2830,3421.5
2831,3422.68
2832,3423.84
2833,3425.01
2834,3426.21
2835,3427.43
2836,3428.6
2837,3429.79
2838,3430.95
2839,3432.16
2840,3433.33
2841,3434.5
2842,3435.64
2843,3436.81
2844,3437.96
2845,3439.12
2846,3440.3
2847,3441.45
2848,3442.64
2849,3443.78
2850,3445
2851,3446.15
2852,3447.33
2853,3448.49
2854,3449.66
2855,3450.92
2856,3452.12
2857,3453.33
2858,3454.54
2859,3455.72
2860,3456.9
2861,3458.05
2862,3459.24
2863,3460.45
2864,3461.64
2865,3462.82
2866,3464.08
2867,3465.25
2868,3466.4
2869,3467.59
2870,3468.75
2871,3469.9
2872,3471.1
2873,3472.29
2874,3473.5
2875,3474.72
2876,3475.87
2877,3477.05
2878,3478.23
2879,3479.43
2880,3480.64
2881,3481.88
2882,3483.08
2883,3484.26
2884,3485.47
2885,3486.65
2886,3487.86
2887,3489.07
2888,3490.28
2889,3491.49
2890,3492.72
2891,3494.01
2892,3495.28
2893,3496.48
2894,3497.63
2895,3498.75
2896,3499.86
2897,3501
2898,3502.14
2899,3503.31
2900,3504.47
2901,3505.64
2902,3506.8
2903,3507.95
2904,3509.16
2905,3510.32
2906,3511.48
2907,3512.67
2908,3513.87
2909,3515.05
2910,3516.23
2911,3517.43
2912,3518.61
2913,3519.76
2914,3520.97
2915,3522.17
2916,3523.35
2917,3524.54
2918,3525.74
2919,3526.99
2920,3528.27
2921,3529.58
2922,3530.86
2923,3532.1
2924,3533.29
2925,3534.47
2926,3535.72
2927,3536.89
2928,3538.05
2929,3539.2
2930,3540.34
2931,3541.48
2932,3542.62
2933,3543.78
2934,3544.94
2935,3546.13
2936,3547.29
2937,3548.45
2938,3549.58
2939,3550.74
2940,3551.89
2941,3553.03
2942,3554.2
2943,3555.35
2944,3556.48
2945,3557.61
2946,3558.77
2947,3559.92
2948,3561.13
2949,3562.32
2950,3563.48
2951,3564.65
2952,3565.87
2953,3567.05
2954,3568.23
2955,3569.45
2956,3570.61
2957,3571.78
2958,3572.96
2959,3574.15
2960,3575.34
2961,3576.52
2962,3577.7
2963,3578.86
2964,3580.01
2965,3581.19
2966,3582.41
2967,3583.55
2968,3584.7
2969,3585.89
2970,3587.1
2971,3588.29
2972,3589.5
2973,3590.73
2974,3591.96
2975,3593.15
2976,3594.38
2977,3595.56
2978,3596.77
2979,3597.98
2980,3599.23
2981,3600.44
2982,3601.63
2983,3602.81
2984,3603.97
2985,3605.14
2986,3606.3
2987,3607.48
2988,3608.69
2989,3609.89
2990,3611.03
2991,3612.21
2992,3613.38
2993,3614.54
2994,3615.69
2995,3616.91
2996,3618.11
2997,3619.25
2998,3620.42
2999,3621.63
3000,3622.8
3001,3624
3002,3625.21
3003,3626.39
3004,3627.58
3005,3628.75
3006,3629.93
3007,3631.11
3008,3632.28
3009,3633.46
3010,3634.65
3011,3635.86
3012,3637.03
3013,3638.26
3014,3639.47
3015,3640.67
3016,3641.89
3017,3643.1
3018,3644.36
3019,3645.57
3020,3646.79
3021,3647.99
3022,3649.22
3023,3650.43
3024,3651.65
3025,3652.94
3026,3654.14
3027,3655.35
3028,3656.6
3029,3657.78
3030,3658.94
3031,3660.16
3032,3661.36
3033,3662.54
3034,3663.74
3035,3664.9
3036,3666.1
3037,3667.27
3038,3668.45
3039,3669.63
3040,3670.81
3041,3672.04
3042,3673.2
3043,3674.37
3044,3675.55
3045,3676.77
3046,3677.94
3047,3679.1
3048,3680.26
3049,3681.42
3050,3682.58
3051,3683.75
3052,3684.91
3053,3686.06
3054,3687.21
3055,3688.41
3056,3689.57
3057,3690.73
3058,3691.9
3059,3693.06
3060,3694.29
3061,3695.45
3062,3696.61
3063,3697.78
3064,3698.96
3065,3700.19
3066,3701.39
3067,3702.6
3068,3703.83
3069,3705.04
3070,3706.29
3071,3707.54
3072,3708.71
3073,3709.91
3074,3711.11
3075,3712.32
3076,3713.58
3077,3714.79
3078,3715.98
3079,3717.17
3080,3718.33
3081,3719.51
3082,3720.69
3083,3721.89
3084,3723.07
3085,3724.27
3086,3725.48
3087,3726.68
3088,3727.95
3089,3729.13
3090,3730.34
3091,3731.51
3092,3732.71
3093,3733.96
3094,3735.18
3095,3736.4
3096,3737.61
3097,3738.88
3098,3740.1
3099,3741.29
3100,3742.46
3101,3743.68
3102,3744.9
3103,3746.06
3104,3747.29
3105,3748.47
3106,3749.68
3107,3750.87
3108,3752.06
3109,3753.23
3110,3754.45
3111,3755.66
3112,3756.84
3113,3758.06
3114,3759.29
3115,3760.52
3116,3761.7
3117,3762.88
3118,3764.07
3119,3765.25
3120,3766.45
3121,3767.66
3122,3768.87
3123,3770.09
3124,3771.27
3125,3772.47
3126,3773.71
3127,3774.89
3128,3776.06
3129,3777.24
3130,3778.42
3131,3779.61
3132,3780.79
3133,3781.98
3134,3783.17
3135,3784.37
3136,3785.57
3137,3786.75
3138,3787.97
3139,3789.17
3140,3790.34
3141,3791.52
3142,3792.72
3143,3793.92
3144,3795.1
3145,3796.29
3146,3797.49
3147,3798.73
3148,3799.96
3149,3801.17
3150,3802.36
3151,3803.6
3152,3804.8
3153,3806.06
3154,3807.26
3155,3808.43
3156,3809.61
3157,3810.78
3158,3812.02
3159,3813.16
3160,3814.34
3161,3815.57
3162,3816.81
3163,3817.97
3164,3819.13
3165,3820.36
3166,3821.53
3167,3822.68
3168,3823.93
3169,3825.15
3170,3826.37
3171,3827.6
3172,3828.86
3173,3830.11
3174,3831.32
3175,3832.59
3176,3833.79
3177,3834.99
3178,3836.18
3179,3837.36
3180,3838.55
3181,3839.76
3182,3840.98
3183,3842.18
3184,3843.38
3185,3844.6
3186,3845.8
3187,3846.98
3188,3848.22
3189,3849.41
3190,3850.59
3191,3851.77
3192,3852.93
3193,3854.15
3194,3855.33
3195,3856.5
3196,3857.73
3197,3858.92
3198,3860.1
3199,3861.27
3200,3862.44
3201,3863.61
3202,3864.79
3203,3865.98
3204,3867.19
3205,3868.4
3206,3869.6
3207,3870.79
3208,3872.03
3209,3873.21
3210,3874.4
3211,3875.58
3212,3876.78
3213,3878.13
3214,3879.49
3215,3880.65
3216,3881.79
3217,3882.94
3218,3884.09
3219,3885.29
3220,3886.49
3221,3887.71
3222,3888.9
3223,3890.1
3224,3891.27
3225,3892.5
3226,3893.66
3227,3894.82
3228,3895.98
3229,3897.18
3230,3898.35
3231,3899.54
3232,3900.74
3233,3901.92
3234,3903.07
3235,3904.32
3236,3905.57
3237,3906.84
3238,3908.1
3239,3909.28
3240,3910.58
3241,3911.82
3242,3913.04
3243,3914.34
3244,3915.55
3245,3916.73
3246,3917.91
3247,3919.14
3248,3920.35
3249,3921.55
3250,3922.75
3251,3923.97
3252,3925.16
3253,3926.37
3254,3927.56
3255,3928.75
3256,3929.97
3257,3931.16
3258,3932.33
3259,3933.53
3260,3934.69
3261,3935.89
3262,3937.1
3263,3938.26
3264,3939.42
3265,3940.6
3266,3941.81
3267,3942.98
3268,3944.2
3269,3945.41
3270,3946.58
3271,3947.8
3272,3949
3273,3950.21
3274,3951.39
3275,3952.6
3276,3953.78
3277,3954.96
3278,3956.16
3279,3957.35
3280,3958.54
3281,3959.77
3282,3961.03
3283,3962.25
3284,3963.43
3285,3964.64
3286,3965.84
3287,3966.99
3288,3968.13
3289,3969.31
3290,3970.45
3291,3971.61
3292,3972.79
3293,3973.98
3294,3975.18
3295,3976.37
3296,3977.56
3297,3978.71
3298,3979.92
3299,3981.13
3300,3982.31
3301,3983.5
3302,3984.71
3303,3985.9
3304,3987.09
3305,3988.31
3306,3989.55
3307,3990.76
3308,3991.99
3309,3993.19
3310,3994.43
3311,3995.67
3312,3996.88
3313,3998.11
3314,3999.32
3315,4000.54
3316,4001.76
3317,4003
3318,4004.22
3319,4005.42
3320,4006.6
3321,4007.8
3322,4009.04
3323,4010.22
3324,4011.4
3325,4012.61
3326,4013.81
3327,4015.01
3328,4016.2
3329,4017.42
3330,4018.62
3331,4019.81
3332,4021.02
3333,4022.21
3334,4023.39
3335,4024.62
3336,4025.81
3337,4027
3338,4028.23
3339,4029.43
3340,4030.63
3341,4031.82
3342,4033.06
3343,4034.24
3344,4035.48
3345,4036.69
3346,4037.89
3347,4039.13
3348,4040.32
3349,4041.54
3350,4042.74
3351,4043.92
3352,4045.15
3353,4046.36
3354,4047.58
3355,4048.79
3356,4049.99
3357,4051.19
3358,4052.4
3359,4053.57
3360,4054.83
3361,4056.07
3362,4057.28
3363,4058.52
3364,4059.69
3365,4060.89
3366,4062.11
3367,4063.3
3368,4064.49
3369,4065.72
3370,4066.94
3371,4068.13
3372,4069.37
3373,4070.56
3374,4071.74
3375,4072.94
3376,4074.13
3377,4075.33
3378,4076.55
3379,4077.76
3380,4079
3381,4080.2
3382,4081.39
3383,4082.61
3384,4083.85
3385,4085.06
3386,4086.26
3387,4087.44
3388,4088.63
3389,4089.8
3390,4091.02
3391,4092.4
3392,4093.66
3393,4094.95
3394,4096.23
3395,4097.48
3396,4098.74
3397,4099.87
3398,4101
3399,4102.14
3400,4103.29
3401,4104.45
3402,4105.68
3403,4106.82
3404,4107.99
3405,4109.15
3406,4110.32
3407,4111.52
3408,4112.7
3409,4113.86
3410,4115.05
3411,4116.25
3412,4117.45
3413,4118.62
3414,4119.81
3415,4120.99
3416,4122.16
3417,4123.33
3418,4124.48
3419,4125.74
3420,4126.91
3421,4128.12
3422,4129.29
3423,4130.48
3424,4131.65
3425,4132.86
3426,4134.08
3427,4135.27
3428,4136.44
3429,4137.63
3430,4138.84
3431,4140.03
3432,4141.19
3433,4142.46
3434,4143.66
3435,4144.82
3436,4146.01
3437,4147.22
3438,4148.42
3439,4149.6
3440,4150.82
3441,4152.07
3442,4153.23
3443,4154.4
3444,4155.58
3445,4156.77
3446,4157.93
3447,4159.16
3448,4160.32
3449,4161.48
3450,4162.63
3451,4163.8
3452,4164.96
3453,4166.11
3454,4167.31
3455,4168.5
3456,4169.67
3457,4170.83
3458,4172.03
3459,4173.21
3460,4174.4
3461,4175.59
3462,4176.75
3463,4177.93
3464,4179.09
3465,4180.25
3466,4181.44
3467,4182.66
3468,4183.85
3469,4185.01
3470,4186.21
3471,4187.4
3472,4188.55
3473,4189.71
3474,4190.88
3475,4192.07
3476,4193.24
3477,4194.39
3478,4195.55
3479,4196.7
3480,4197.85
3481,4199.02
3482,4200.21
3483,4201.37
3484,4202.55
3485,4203.75
3486,4204.91
3487,4206.08
3488,4207.24
3489,4208.42
3490,4209.62
3491,4210.79
3492,4211.98
3493,4213.16
3494,4214.35
3495,4215.49
3496,4216.69
3497,4217.88
3498,4219.06
3499,4220.25
3500,4221.46
3501,4222.65
3502,4223.85
3503,4225.04
3504,4226.23
3505,4227.48
3506,4228.68
3507,4229.85
3508,4231.01
3509,4232.18
3510,4233.37
3511,4234.59
3512,4235.76
3513,4236.94
3514,4238.14
3515,4239.36
3516,4240.55
3517,4241.72
3518,4242.89
3519,4244.09
3520,4245.26
3521,4246.47
3522,4247.66
3523,4248.82
3524,4250.01
3525,4251.18
3526,4252.38
3527,4253.59
3528,4254.78
3529,4255.99
3530,4257.18
3531,4258.37
3532,4259.59
3533,4260.81
3534,4262.02
3535,4263.25
3536,4264.43
3537,4265.62
3538,4266.83
3539,4268.05
3540,4269.23
3541,4270.39
3542,4271.57
3543,4272.8
3544,4273.99
3545,4275.17
3546,4276.36
3547,4277.53
3548,4278.73
3549,4279.92
3550,4281.1
3551,4282.27
3552,4283.45
3553,4284.67
3554,4285.88
3555,4287.11
3556,4288.31
3557,4289.51
3558,4290.69
3559,4291.88
3560,4293.08
3561,4294.27
3562,4295.48
3563,4296.67
3564,4297.87
3565,4299.05
3566,4300.23
3567,4301.43
3568,4302.62
3569,4303.83
3570,4305.04
3571,4306.24
3572,4307.42
3573,4308.6
3574,4309.83
3575,4311.01
3576,4312.2
3577,4313.42
3578,4314.64
3579,4315.85
3580,4317.05
3581,4318.26
3582,4319.48
3583,4320.71
3584,4321.98
3585,4323.2
3586,4324.43
3587,4325.69
3588,4326.91
3589,4328.16
3590,4329.42
3591,4330.64
3592,4331.81
3593,4332.99
3594,4334.25
3595,4335.45
3596,4336.63
3597,4337.81
3598,4339.01
3599,4340.19
3600,4341.41
3601,4342.64
3602,4343.85
3603,4345.07
3604,4346.25
3605,4347.49
3606,4348.69
3607,4349.92
3608,4351.12
3609,4352.32
3610,4353.55
3611,4354.74
3612,4355.96
3613,4357.15
3614,4358.34
3615,4359.57
3616,4360.75
3617,4361.96
3618,4363.17
3619,4364.41
3620,4365.6
3621,4366.79
3622,4368.01
3623,4369.21
3624,4370.37
3625,4371.6
3626,4372.77
3627,4373.94
3628,4375.13
3629,4376.33
3630,4377.5
3631,4378.66
3632,4379.87
3633,4381.09
3634,4382.32
3635,4383.49
3636,4384.64
3637,4385.85
3638,4387.01
3639,4388.17
3640,4389.39
3641,4390.57
3642,4391.76
3643,4392.91
3644,4394.09
3645,4395.26
3646,4396.41
3647,4397.56
3648,4398.74
3649,4399.91
3650,4401.09
3651,4402.27
3652,4403.45
3653,4404.63
3654,4405.81
3655,4406.98
3656,4408.18
3657,4409.37
3658,4410.55
3659,4411.73
3660,4412.94
3661,4414.1
3662,4415.3
3663,4416.5
3664,4417.69
3665,4418.86
3666,4420.11
3667,4421.27
3668,4422.43
3669,4423.61
3670,4424.79
3671,4426.01
3672,4427.18
3673,4428.48
3674,4429.65
3675,4430.81
3676,4431.98
3677,4433.18
3678,4434.34
3679,4435.54
3680,4436.69
3681,4437.87
3682,4439.01
3683,4440.19
3684,4441.42
3685,4442.61
3686,4443.77
3687,4444.94
3688,4446.12
3689,4447.27
3690,4448.43
3691,4449.59
3692,4450.75
3693,4451.93
3694,4453.08
3695,4454.25
3696,4455.43
3697,4456.57
3698,4457.71
3699,4458.88
3700,4460.03
3701,4461.23
3702,4462.39
3703,4463.57
3704,4464.74
3705,4465.93
3706,4467.13
3707,4468.28
3708,4469.46
3709,4470.61
3710,4471.74
3711,4472.94
3712,4474.17
3713,4475.34
3714,4476.51
3715,4477.74
3716,4478.91
3717,4480.11
3718,4481.32
3719,4482.52
3720,4483.69
3721,4484.88
3722,4486.1
3723,4487.31
3724,4488.52
3725,4489.72
3726,4490.9
3727,4492.07
3728,4493.27
3729,4494.44
3730,4495.65
3731,4496.85
3732,4498.05
3733,4499.26
3734,4500.46
3735,4501.65
3736,4502.85
3737,4504.04
3738,4505.23
3739,4506.44
3740,4507.64
3741,4508.83
3742,4510.02
3743,4511.21
3744,4512.42
3745,4513.62
3746,4514.82
3747,4516.03
3748,4517.21
3749,4518.42
3750,4519.62
3751,4520.89
3752,4522.15
3753,4523.42
3754,4524.73
3755,4525.97
3756,4527.25
3757,4528.5
3758,4529.74
3759,4530.97
3760,4532.26
3761,4533.56
3762,4534.8
3763,4536.07
3764,4537.29
3765,4538.54
3766,4539.79
3767,4541.05
3768,4542.21
3769,4543.38
3770,4544.54
3771,4545.73
3772,4546.91
3773,4548.12
3774,4549.29
3775,4550.47
3776,4551.62
3777,4552.78
3778,4553.94
3779,4555.13
3780,4556.31
3781,4557.48
3782,4558.65
3783,4559.81
3784,4560.97
3785,4562.15
3786,4563.32
3787,4564.48
3788,4565.67
3789,4566.83
3790,4567.99
3791,4569.17
3792,4570.35
3793,4571.53
3794,4572.69
3795,4573.83
3796,4575
3797,4576.15
3798,4577.31
3799,4578.49
3800,4579.64
3801,4580.83
3802,4582.03
3803,4583.24
3804,4584.37
3805,4585.51
3806,4586.68
3807,4587.84
3808,4589.04
3809,4590.24
3810,4591.42
3811,4592.61
3812,4593.81
3813,4595.01
3814,4596.21
3815,4597.41
3816,4598.6
3817,4599.8
3818,4600.98
3819,4602.18
3820,4603.38
3821,4604.64
3822,4605.84
3823,4607.04
3824,4608.25
3825,4609.43
3826,4610.63
3827,4611.85
3828,4613
3829,4614.14
3830,4615.31
3831,4616.47
3832,4617.69
3833,4618.82
3834,4619.95
3835,4621.26
3836,4622.48
3837,4623.7
3838,4624.9
3839,4626.06
3840,4627.24
3841,4628.41
3842,4629.72
3843,4630.94
3844,4632.15
3845,4633.29
3846,4634.44
3847,4635.6
3848,4636.82
3849,4638.01
3850,4639.18
3851,4640.33
3852,4641.51
3853,4642.69
3854,4643.84
3855,4645.02
3856,4646.2
3857,4647.35
3858,4648.5
3859,4649.66
3860,4650.85
3861,4652.03
3862,4653.18
3863,4654.35
3864,4655.54
3865,4656.72
3866,4657.9
3867,4659.08
3868,4660.25
3869,4661.44
3870,4662.61
3871,4663.78
3872,4664.97
3873,4666.16
3874,4667.33
3875,4668.49
3876,4669.68
3877,4670.87
3878,4672.05
3879,4673.24
3880,4674.44
3881,4675.61
3882,4676.82
3883,4678.02
3884,4679.25
3885,4680.44
3886,4681.65
3887,4682.82
3888,4684.01
3889,4685.22
3890,4686.45
3891,4687.66
3892,4688.86
3893,4690.06
3894,4691.24
3895,4692.43
3896,4693.59
3897,4694.77
3898,4695.94
3899,4697.11
3900,4698.29
3901,4699.51
3902,4700.72
3903,4701.91
3904,4703.09
3905,4704.32
3906,4705.49
3907,4706.71
3908,4707.87
3909,4709.05
3910,4710.24
3911,4711.4
3912,4712.6
3913,4713.83
3914,4715.03
3915,4716.22
3916,4717.42
3917,4718.61
3918,4719.8
3919,4720.98
3920,4722.17
3921,4723.39
3922,4724.58
3923,4725.79
3924,4727.01
3925,4728.24
3926,4729.45
3927,4730.64
3928,4731.81
3929,4733.03
3930,4734.19
3931,4735.38
3932,4736.54
3933,4737.7
3934,4738.88
3935,4740.03
3936,4741.2
3937,4742.37
3938,4743.54
3939,4744.72
3940,4745.88
3941,4747.06
3942,4748.26
3943,4749.47
3944,4750.65
3945,4751.89
3946,4753.07
3947,4754.24
3948,4755.42
3949,4756.6
3950,4757.81
3951,4758.99
3952,4760.19
3953,4761.4
3954,4762.58
3955,4763.76
3956,4764.92
3957,4766.15
3958,4767.34
3959,4768.54
3960,4769.72
3961,4770.96
3962,4772.15
3963,4773.35
3964,4774.57
3965,4775.76
3966,4776.94
3967,4778.13
3968,4779.32
3969,4780.57
3970,4781.75
3971,4782.94
3972,4784.13
3973,4785.34
3974,4786.54
3975,4787.79
3976,4788.98
3977,4790.14
3978,4791.3
3979,4792.47
3980,4793.73
3981,4794.9
3982,4796.08
3983,4797.28
3984,4798.46
3985,4799.65
3986,4800.89
3987,4802.09
3988,4803.3
3989,4804.49
3990,4805.74
3991,4806.98
3992,4808.22
3993,4809.44
3994,4810.62
3995,4811.8
3996,4812.99
3997,4814.2
3998,4815.36
3999,4816.53
4000,4817.69
4001,4818.9
4002,4820.09
4003,4821.31
4004,4822.46
4005,4823.62
4006,4824.81
4007,4826
4008,4827.2
4009,4828.45
4010,4829.64
4011,4830.84
4012,4832.05
4013,4833.21
4014,4834.41
4015,4835.6
4016,4836.77
4017,4837.97
4018,4839.13
4019,4840.34
4020,4841.52
4021,4842.67
4022,4843.84
4023,4845
4024,4846.15
4025,4847.32
4026,4848.5
4027,4849.68
4028,4850.83
4029,4852.06
4030,4853.33
4031,4854.55
4032,4855.73
4033,4856.92
4034,4858.08
4035,4859.24
4036,4860.41
4037,4861.56
4038,4862.74
4039,4863.92
4040,4865.15
4041,4866.43
4042,4867.61
4043,4868.75
4044,4869.91
4045,4871.08
4046,4872.25
4047,4873.42
4048,4874.59
4049,4875.79
4050,4876.97
4051,4878.16
4052,4879.31
4053,4880.52
4054,4881.71
4055,4882.89
4056,4884.13
4057,4885.3
4058,4886.51
4059,4887.72
4060,4888.97
4061,4890.23
4062,4891.43
4063,4892.64
4064,4893.83
4065,4895.02
4066,4896.18
4067,4897.34
4068,4898.52
4069,4899.72
4070,4900.87
4071,4902.04
4072,4903.23
4073,4904.41
4074,4905.58
4075,4906.76
4076,4907.95
4077,4909.12
4078,4910.3
4079,4911.47
4080,4912.64
4081,4913.82
4082,4914.98
4083,4916.16
4084,4917.33
4085,4918.51
4086,4919.7
4087,4920.88
4088,4922.04
4089,4923.22
4090,4924.4
4091,4925.59
4092,4926.8
4093,4928.03
4094,4929.2
4095,4930.36
4096,4931.52
4097,4932.67
4098,4933.84
4099,4935
4100,4936.22
4101,4937.43
4102,4938.68
4103,4939.9
4104,4941.12
4105,4942.34
4106,4943.58
4107,4944.83
4108,4946.08
4109,4947.28
4110,4948.52
4111,4949.76
4112,4951.01
4113,4952.2
4114,4953.4
4115,4954.6
4116,4955.82
4117,4957.05
4118,4958.31
4119,4959.52
4120,4960.73
4121,4962
4122,4963.25
4123,4964.46
4124,4965.66
4125,4966.86
4126,4968.09
4127,4969.28
4128,4970.49
4129,4971.69
4130,4972.92
4131,4974.12
4132,4975.31
4133,4976.53
4134,4977.73
4135,4978.94
4136,4980.16
4137,4981.31
4138,4982.44
4139,4983.57
4140,4984.71
4141,4985.88
4142,4987.03
4143,4988.19
4144,4989.36
4145,4990.53
4146,4991.71
4147,4992.89
4148,4994.09
4149,4995.32
4150,4996.48
4151,4997.66
4152,4998.83
4153,5000.02
4154,5001.2
4155,5002.39
4156,5003.6
4157,5004.78
4158,5005.96
4159,5007.13
4160,5008.3
4161,5009.46
4162,5010.65
4163,5011.82
4164,5013.03
4165,5014.23
4166,5015.45
4167,5016.63
4168,5017.83
4169,5019.05
4170,5020.25
4171,5021.43
4172,5022.61
4173,5023.78
4174,5024.99
4175,5026.16
4176,5027.34
4177,5028.52
4178,5029.73
4179,5030.95
4180,5032.15
4181,5033.35
4182,5034.57
4183,5035.76
4184,5036.96
4185,5038.16
4186,5039.38
4187,5040.57
4188,5041.83
4189,5043.04
4190,5044.22
4191,5045.41
4192,5046.59
4193,5047.8
4194,5049.01
4195,5050.22
4196,5051.41
4197,5052.64
4198,5053.84
4199,5055
4200,5056.2
4201,5057.39
4202,5058.59
4203,5059.77
4204,5060.97
4205,5062.15
4206,5063.34
4207,5064.5
4208,5065.7
4209,5066.92
4210,5068.09
4211,5069.29
4212,5070.49
4213,5071.66
4214,5072.84
4215,5074
4216,5075.25
4217,5076.45
4218,5077.62
4219,5078.88
4220,5080.08
4221,5081.27
4222,5082.49
4223,5083.68
4224,5084.92
4225,5086.11
4226,5087.31
4227,5088.56
4228,5089.75
4229,5090.95
4230,5092.16
4231,5093.35
4232,5094.54
4233,5095.72
4234,5096.93
4235,5098.14
4236,5099.43
4237,5100.63
4238,5101.82
4239,5103.02
4240,5104.21
4241,5105.38
4242,5106.54
4243,5107.69
4244,5108.87
4245,5110.06
4246,5111.25
4247,5112.51
4248,5113.75
4249,5115
4250,5116.23
4251,5117.52
4252,5118.79
4253,5120.05
4254,5121.27
4255,5122.51
4256,5123.77
4257,5125.02
4258,5126.25
4259,5127.5
4260,5128.76
4261,5130
4262,5131.23
4263,5132.48
4264,5133.75
4265,5135
4266,5136.26
4267,5137.5
4268,5138.68
4269,5139.86
4270,5141.05
4271,5142.24
4272,5143.44
4273,5144.62
4274,5145.81
4275,5147.04
4276,5148.25
4277,5149.51
4278,5150.73
4279,5151.96
4280,5153.19
4281,5154.45
4282,5155.7
4283,5156.92
4284,5158.15
4285,5159.43
4286,5160.64
4287,5161.88
4288,5163.16
4289,5164.39
4290,5165.65
4291,5166.88
4292,5168.1
4293,5169.32
4294,5170.52
4295,5171.74
4296,5172.97
4297,5174.13
4298,5175.3
4299,5176.46
4300,5177.64
4301,5178.82
4302,5180.02
4303,5181.19
4304,5182.37
4305,5183.55
4306,5184.77
4307,5185.98
4308,5187.17
4309,5188.35
4310,5189.55
4311,5190.73
4312,5191.91
4313,5193.06
4314,5194.31
4315,5195.48
4316,5196.67
4317,5197.86
4318,5199.03
4319,5200.23
4320,5201.4
4321,5202.62
4322,5203.8
4323,5205.02
4324,5206.18
4325,5207.35
4326,5208.52
4327,5209.74
4328,5210.94
4329,5212.13
4330,5213.39
4331,5214.57
4332,5215.75
4333,5216.96
4334,5218.14
4335,5219.34
4336,5220.52
4337,5221.67
4338,5222.9
4339,5224.07
4340,5225.26
4341,5226.42
4342,5227.63
4343,5228.81
4344,5229.98
4345,5231.16
4346,5232.35
4347,5233.56
4348,5234.77
4349,5235.97
4350,5237.19
4351,5238.35
4352,5239.5
4353,5240.66
4354,5241.83
4355,5243.01
4356,5244.22
4357,5245.38
4358,5246.56
4359,5247.72
4360,5248.91
4361,5250.1
4362,5251.33
4363,5252.53
4364,5253.71
4365,5254.9
4366,5256.11
4367,5257.3
4368,5258.5
4369,5259.68
4370,5260.89
4371,5262.08
4372,5263.29
4373,5264.48
4374,5265.67
4375,5266.86
4376,5268.05
4377,5269.24
4378,5270.46
4379,5271.64
4380,5272.8
4381,5273.99
4382,5275.2
4383,5276.36
4384,5277.61
4385,5278.77
4386,5279.94
4387,5281.11
4388,5282.26
4389,5283.42
4390,5284.61
4391,5285.78
4392,5286.94
4393,5288.13
4394,5289.29
4395,5290.48
4396,5291.64
4397,5292.81
4398,5293.99
4399,5295.18
4400,5296.42
4401,5297.69
4402,5298.94
4403,5300.16
4404,5301.39
4405,5302.62
4406,5303.86
4407,5305.1
4408,5306.34
4409,5307.57
4410,5308.8
4411,5310.03
4412,5311.29
4413,5312.52
4414,5313.78
4415,5315
4416,5316.25
4417,5317.49
4418,5318.71
4419,5319.94
4420,5321.18
4421,5322.41
4422,5323.6
4423,5324.8
4424,5325.97
4425,5327.14
4426,5328.31
4427,5329.5
4428,5330.71
4429,5331.9
4430,5333.08
4431,5334.25
4432,5335.44
4433,5336.64
4434,5337.85
4435,5339.03
4436,5340.21
4437,5341.4
4438,5342.61
4439,5343.79
4440,5344.98
4441,5346.19
4442,5347.36
4443,5348.52
4444,5349.7
4445,5350.93
4446,5352.1
4447,5353.3
4448,5354.48
4449,5355.67
4450,5356.84
4451,5358.04
4452,5359.24
4453,5360.45
4454,5361.63
4455,5362.88
4456,5364.07
4457,5365.27
4458,5366.46
4459,5367.66
4460,5368.89
4461,5370.14
4462,5371.31
4463,5372.47
4464,5373.62
4465,5374.78
4466,5375.94
4467,5377.13
4468,5378.3
4469,5379.46
4470,5380.66
4471,5381.84
4472,5382.98
4473,5384.16
4474,5385.33
4475,5386.51
4476,5387.7
4477,5388.92
4478,5390.15
4479,5391.39
4480,5392.56
4481,5393.77
4482,5394.97
4483,5396.12
4484,5397.32
4485,5398.47
4486,5399.64
4487,5400.84
4488,5401.98
4489,5403.19
4490,5404.35
4491,5405.5
4492,5406.67
4493,5407.84
4494,5409.01
4495,5410.15
4496,5411.32
4497,5412.48
4498,5413.62
4499,5414.78
4500,5415.97
4501,5417.18
4502,5418.39
4503,5419.55
4504,5420.75
4505,5421.91
4506,5423.07
4507,5424.22
4508,5425.43
4509,5426.61
4510,5427.8
4511,5428.98
4512,5430.13
4513,5431.3
4514,5432.45
4515,5433.6
4516,5434.8
4517,5436.03
4518,5437.25
4519,5438.46
4520,5439.68
4521,5440.92
4522,5442.12
4523,5443.35
4524,5444.57
4525,5445.81
4526,5447.03
4527,5448.27
4528,5449.51
4529,5450.77
4530,5452.03
4531,5453.29
4532,5454.58
4533,5455.81
4534,5457.08
4535,5458.32
4536,5459.55
4537,5460.79
4538,5462.02
4539,5463.27
4540,5464.52
4541,5465.75
4542,5467.05
4543,5468.36
4544,5469.55
4545,5470.74
4546,5471.94
4547,5473.16
4548,5474.35
4549,5475.53
4550,5476.73
4551,5477.91
4552,5479.09
4553,5480.29
4554,5481.49
4555,5482.69
4556,5483.93
4557,5485.09
4558,5486.31
4559,5487.53
4560,5488.71
4561,5489.89
4562,5491.17
4563,5492.32
4564,5493.52
4565,5494.68
4566,5495.82
4567,5496.98
4568,5498.14
4569,5499.29
4570,5500.47
4571,5501.64
4572,5502.79
4573,5503.98
4574,5505.14
4575,5506.28
4576,5507.49
4577,5508.65
4578,5509.8
4579,5510.97
4580,5512.13
4581,5513.26
4582,5514.45
4583,5515.59
4584,5516.77
4585,5517.94
4586,5519.1
4587,5520.29
4588,5521.46
4589,5522.69
4590,5523.88
4591,5525.08
4592,5526.3
4593,5527.52
4594,5528.75
4595,5529.95
4596,5531.16
4597,5532.39
4598,5533.59
4599,5534.86
4600,5536.12
4601,5537.31
4602,5538.56
4603,5539.77
4604,5541
4605,5542.21
4606,5543.42
4607,5544.65
4608,5545.86
4609,5547.05
4610,5548.27
4611,5549.5
4612,5550.68
4613,5551.89
4614,5553.1
4615,5554.33
4616,5555.52
4617,5556.74
4618,5557.96
4619,5559.16
4620,5560.37
4621,5561.59
4622,5562.81
4623,5564
4624,5565.25
4625,5566.41
4626,5567.58
4627,5568.8
4628,5570
4629,5571.19
4630,5572.39
4631,5573.6
4632,5574.8
4633,5576.03
4634,5577.21
4635,5578.35
4636,5579.5
4637,5580.64
4638,5581.79
4639,5582.97
4640,5584.14
4641,5585.3
4642,5586.49
4643,5587.7
4644,5588.94
4645,5590.19
4646,5591.45
4647,5592.67
4648,5593.9
4649,5595.11
4650,5596.37
4651,5597.61
4652,5598.81
4653,5599.97
4654,5601.14
4655,5602.33
4656,5603.52
4657,5604.74
4658,5605.92
4659,5607.09
4660,5608.31
4661,5609.5
4662,5610.68
4663,5611.9
4664,5613.12
4665,5614.31
4666,5615.51
4667,5616.72
4668,5617.93
4669,5619.14
4670,5620.31
4671,5621.5
4672,5622.69
4673,5623.9
4674,5625.12
4675,5626.34
4676,5627.53
4677,5628.73
4678,5629.9
4679,5631.07
4680,5632.24
4681,5633.42
4682,5634.6
4683,5635.88
4684,5637.08
4685,5638.25
4686,5639.44
4687,5640.64
4688,5641.81
4689,5643.01
4690,5644.25
4691,5645.53
4692,5646.75
4693,5648
4694,5649.22
4695,5650.43
4696,5651.65
4697,5652.85
4698,5654.01
4699,5655.16
4700,5656.31
4701,5657.49
4702,5658.72
4703,5659.91
4704,5661.11
4705,5662.29
4706,5663.45
4707,5664.63
4708,5665.81
4709,5666.96
4710,5668.15
4711,5669.34
4712,5670.51
4713,5671.68
4714,5672.86
4715,5674.01
4716,5675.18
4717,5676.31
4718,5677.48
4719,5678.63
4720,5679.79
4721,5680.96
4722,5682.13
4723,5683.28
4724,5684.46
4725,5685.64
4726,5686.86
4727,5688.07
4728,5689.31
4729,5690.52
4730,5691.74
4731,5692.99
4732,5694.23
4733,5695.38
4734,5696.53
4735,5697.66
4736,5698.84
4737,5700.01
4738,5701.19
4739,5702.36
4740,5703.52
4741,5704.71
4742,5705.9
4743,5707.04
4744,5708.22
4745,5709.37
4746,5710.54
4747,5711.76
4748,5712.95
4749,5714.2
4750,5715.41
4751,5716.59
4752,5717.77
4753,5718.94
4754,5720.12
4755,5721.28
4756,5722.45
4757,5723.67
4758,5724.85
4759,5726.03
4760,5727.31
4761,5728.74
4762,5729.89
4763,5731.05
4764,5732.3
4765,5733.51
4766,5734.72
4767,5735.93
4768,5737.11
4769,5738.24
4770,5739.41
4771,5740.55
4772,5741.74
4773,5742.92
4774,5744.09
4775,5745.26
4776,5746.45
4777,5747.61
4778,5748.79
4779,5749.96
4780,5751.11
4781,5752.28
4782,5753.45
4783,5754.62
4784,5755.79
4785,5756.94
4786,5758.09
4787,5759.22
4788,5760.44
4789,5761.58
4790,5762.73
4791,5763.89
4792,5765.06
4793,5766.22
4794,5767.4
4795,5768.63
4796,5769.85
4797,5771.02
4798,5772.17
4799,5773.34
4800,5774.51
4801,5775.68
4802,5776.91
4803,5778.09
4804,5779.26
4805,5780.43
4806,5781.61
4807,5782.8
4808,5784.02
4809,5785.2
4810,5786.37
4811,5787.55
4812,5788.73
4813,5789.96
4814,5791.17
4815,5792.43
4816,5793.67
4817,5794.85
4818,5796.07
4819,5797.27
4820,5798.48
4821,5799.71
4822,5800.93
4823,5802.15
4824,5803.39
4825,5804.59
4826,5805.81
4827,5807.04
4828,5808.28
4829,5809.49
4830,5810.73
4831,5811.96
4832,5813.25
4833,5814.47
4834,5815.68
4835,5816.9
4836,5818.14
4837,5819.35
4838,5820.54
4839,5821.73
4840,5822.94
4841,5824.14
4842,5825.37
4843,5826.6
4844,5827.84
4845,5829.03
4846,5830.31
4847,5831.49
4848,5832.67
4849,5833.88
4850,5835.14
4851,5836.34
4852,5837.54
4853,5838.75
4854,5839.96
4855,5841.14
4856,5842.33
4857,5843.51
4858,5844.71
4859,5845.92
4860,5847.13
4861,5848.35
4862,5849.55
4863,5850.76
4864,5851.98
4865,5853.18
4866,5854.37
4867,5855.58
4868,5856.79
4869,5857.99
4870,5859.16
4871,5860.35
4872,5861.57
4873,5862.78
4874,5863.97
4875,5865.15
4876,5866.41
4877,5867.62
4878,5868.81
4879,5870.03
4880,5871.31
4881,5872.55
4882,5873.84
4883,5875.05
4884,5876.26
4885,5877.52
4886,5878.79
4887,5879.99
4888,5881.25
4889,5882.43
4890,5883.65
4891,5884.89
4892,5886.14
4893,5887.38
4894,5888.56
4895,5889.76
4896,5890.99
4897,5892.19
4898,5893.36
4899,5894.55
4900,5895.79
4901,5896.96
4902,5898.2
4903,5899.37
4904,5900.56
4905,5901.74
4906,5902.93
4907,5904.09
4908,5905.27
4909,5906.41
4910,5907.56
4911,5908.73
4912,5909.88
4913,5911.02
4914,5912.15
4915,5913.34
4916,5914.56
4917,5915.74
4918,5916.85
4919,5917.99
4920,5919.14
4921,5920.32
4922,5921.46
4923,5922.64
4924,5923.81
4925,5925.04
4926,5926.28
4927,5927.42
4928,5928.59
4929,5929.74
4930,5930.89
4931,5932.08
4932,5933.26
4933,5934.49
4934,5935.64
4935,5936.8
4936,5937.94
4937,5939.08
4938,5940.21
4939,5941.36
4940,5942.57
4941,5943.72
4942,5944.9
4943,5946.07
4944,5947.19
4945,5948.36
4946,5949.54
4947,5950.75
4948,5952.02
4949,5953.21
4950,5954.42
4951,5955.69
4952,5956.88
4953,5958.03
4954,5959.23
4955,5960.37
4956,5961.52
4957,5962.67
4958,5963.83
4959,5964.97
4960,5966.1
4961,5967.24
4962,5968.42
4963,5969.58
4964,5970.73
4965,5971.86
4966,5973.06
4967,5974.22
4968,5975.37
4969,5976.59
4970,5977.78
4971,5978.92
4972,5980.07
4973,5981.35
4974,5982.5
4975,5983.74
4976,5984.92
4977,5986.09
4978,5987.31
4979,5988.5
4980,5989.67
4981,5990.87
4982,5992.11
4983,5993.34
4984,5994.52
4985,5995.73
4986,5996.91
4987,5998.08
4988,5999.24
4989,6000.4
4990,6001.59
4991,6002.8
4992,6003.97
4993,6005.16
4994,6006.33
4995,6007.54
4996,6008.75
4997,6009.99
4998,6011.18
4999,6012.39
